,,,,,,,,,,,,,,
,第１回 サッポロ競馬大会＠23/7/22,,,,,,,,,,,,,
,,,,,,,,,,,,,,
,№,馬名,ジョッキー,馬名【ジョッキー】,投資,6 ,リターン,6 ,収支,9 ,"回収率
0%:損得なし",9 ,rank,"投資王
1位★印"
,1,ウグイスバレー,原田,ウグイスバレー【原田】,"44,000 ",4 ,"25,070 ",5 ,"-18,930",7 ,-43% ,7 ,7,
,2,ブラジリアンワックス,中川,ブラジリアンワックス【中川】,0 ,6 ,0 ,6 ,0 ,3 ,0% ,3 ,3,
,3,ニンゲンビレッジ,矢橋,ニンゲンビレッジ【矢橋】,"158,300 ",1 ,"377,300 ",1 ,"219,000 ",1 ,138% ,1 ,1,★
,4,チェンジドライバ,岡本,チェンジドライバ【岡本】,0 ,6 ,0 ,6 ,0 ,3 ,0% ,3 ,3,
,5,サイレントイナバ,稲葉,サイレントイナバ【稲葉】,0 ,6 ,0 ,6 ,0 ,3 ,0% ,3 ,3,
,6,クシベウィンテック,櫛部,クシベウィンテック【櫛部】,"98,900 ",3 ,"46,550 ",3 ,"-52,350",8 ,-53% ,8 ,8,
,7,アサミハズバンド,大橋,アサミハズバンド【大橋】,"42,400 ",5 ,"76,230 ",2 ,"33,830 ",2 ,80% ,2 ,2,
,8,イケメンフェイク,林,イケメンフェイク【林】,0 ,6 ,0 ,6 ,0 ,3 ,0% ,3 ,3,
,9,キンパチティーチャ,佐久間,キンパチティーチャ【佐久間】,"100,500 ",2 ,"33,500 ",4 ,"-67,000",9 ,-67% ,9 ,9,
,TOTAL　,,,,"444,100 ",,"558,650 ",,"114,550 ",,26% ,,,
,,,,,,,,,,,,,,
,結果入力フォームへのリンク,,,,,,,,首位,,首位,,,
,,,,,,,,,,,,,,
,,,,,,,,,,,どべ,,,